Datetime,Water Level (m)
2025-04-12 18:00:00,0.100838214
2025-04-12 19:00:00,0.25108144
2025-04-12 20:00:00,0.3776043
2025-04-12 21:00:00,0.38145706
2025-04-12 22:00:00,0.30928227
2025-04-12 23:00:00,0.20006388
2025-04-13 00:00:00,0.07787543
2025-04-13 01:00:00,-0.032646623
2025-04-13 02:00:00,-0.16631997
2025-04-13 03:00:00,-0.29532507
2025-04-13 04:00:00,-0.36075965
2025-04-13 05:00:00,-0.22498135
2025-04-13 06:00:00,0.00037190746
2025-04-13 07:00:00,0.1845555
2025-04-13 08:00:00,0.3606221
2025-04-13 09:00:00,0.4079197
2025-04-13 10:00:00,0.35472515
2025-04-13 11:00:00,0.272182
2025-04-13 12:00:00,0.17445491
2025-04-13 13:00:00,0.06481714
2025-04-13 14:00:00,-0.041391518
2025-04-13 15:00:00,-0.16246296
2025-04-13 16:00:00,-0.24126497
2025-04-13 17:00:00,-0.14851722
2025-04-13 18:00:00,0.045213167
2025-04-13 19:00:00,0.19340535
2025-04-13 20:00:00,0.3405914
2025-04-13 21:00:00,0.3745506
2025-04-13 22:00:00,0.3044942
2025-04-13 23:00:00,0.21131195
2025-04-14 00:00:00,0.1020512
2025-04-14 01:00:00,-0.0020630988
2025-04-14 02:00:00,-0.12770009
2025-04-14 03:00:00,-0.24872763
2025-04-14 04:00:00,-0.34819153
2025-04-14 05:00:00,-0.2899641
2025-04-14 06:00:00,-0.08980585
2025-04-14 07:00:00,0.1104763
2025-04-14 08:00:00,0.30714092
2025-04-14 09:00:00,0.4220377
2025-04-14 10:00:00,0.42592454
2025-04-14 11:00:00,0.35541418
2025-04-14 12:00:00,0.26597196
2025-04-14 13:00:00,0.16418621
2025-04-14 14:00:00,0.05199427
2025-04-14 15:00:00,-0.06433924
2025-04-14 16:00:00,-0.17977513
2025-04-14 17:00:00,-0.16642077
2025-04-14 18:00:00,-0.0016200911
2025-04-14 19:00:00,0.15737075
2025-04-14 20:00:00,0.2933615
2025-04-14 21:00:00,0.36516365
2025-04-14 22:00:00,0.31221828
2025-04-14 23:00:00,0.21994151
2025-04-15 00:00:00,0.119067825
2025-04-15 01:00:00,0.015274611
2025-04-15 02:00:00,-0.09941838
2025-04-15 03:00:00,-0.22138715
2025-04-15 04:00:00,-0.3402783
2025-04-15 05:00:00,-0.36717513
2025-04-15 06:00:00,-0.21254128
2025-04-15 07:00:00,0.009948846
2025-04-15 08:00:00,0.2103169
2025-04-15 09:00:00,0.38528174
2025-04-15 10:00:00,0.44201663
2025-04-15 11:00:00,0.39749146
2025-04-15 12:00:00,0.3186253
2025-04-15 13:00:00,0.22739433
2025-04-15 14:00:00,0.11675621
2025-04-15 15:00:00,0.009614846
2025-04-15 16:00:00,-0.10855583
2025-04-15 17:00:00,-0.17832334
2025-04-15 18:00:00,-0.07664312
2025-04-15 19:00:00,0.09293609
2025-04-15 20:00:00,0.2199564
2025-04-15 21:00:00,0.33948097
2025-04-15 22:00:00,0.3325078
2025-04-15 23:00:00,0.24447647
2025-04-16 00:00:00,0.14765237
2025-04-16 01:00:00,0.043122098
2025-04-16 02:00:00,-0.06330778
2025-04-16 03:00:00,-0.18268235
2025-04-16 04:00:00,-0.29873633
2025-04-16 05:00:00,-0.3800108
2025-04-16 06:00:00,-0.29572225
2025-04-16 07:00:00,-0.096015155
2025-04-16 08:00:00,0.09928681
2025-04-16 09:00:00,0.3014687
2025-04-16 10:00:00,0.41616935
2025-04-16 11:00:00,0.42246777
2025-04-16 12:00:00,0.35052136
2025-04-16 13:00:00,0.26061007
2025-04-16 14:00:00,0.16648172
2025-04-16 15:00:00,0.056897886
2025-04-16 16:00:00,-0.04342987
2025-04-16 17:00:00,-0.13864456
2025-04-16 18:00:00,-0.10144506
2025-04-16 19:00:00,0.049657144
2025-04-16 20:00:00,0.18085934
2025-04-16 21:00:00,0.3028897
2025-04-16 22:00:00,0.3507756
2025-04-16 23:00:00,0.2900887
2025-04-17 00:00:00,0.19392434
2025-04-17 01:00:00,0.08361552
2025-04-17 02:00:00,-0.019677114
2025-04-17 03:00:00,-0.1331968
2025-04-17 04:00:00,-0.24860448
2025-04-17 05:00:00,-0.34671542
2025-04-17 06:00:00,-0.32484317
2025-04-17 07:00:00,-0.1702933
2025-04-17 08:00:00,0.025800373
2025-04-17 09:00:00,0.21699494
2025-04-17 10:00:00,0.35998875
2025-04-17 11:00:00,0.4239315
2025-04-17 12:00:00,0.3940816
2025-04-17 13:00:00,0.32102847
2025-04-17 14:00:00,0.23838276
2025-04-17 15:00:00,0.14251995
2025-04-17 16:00:00,0.04483028
2025-04-17 17:00:00,-0.05624026
2025-04-17 18:00:00,-0.1065826
2025-04-17 19:00:00,-0.018215414
2025-04-17 20:00:00,0.105336145
2025-04-17 21:00:00,0.20230924
2025-04-17 22:00:00,0.27941415
2025-04-17 23:00:00,0.255139
2025-04-18 00:00:00,0.17255437
2025-04-18 01:00:00,0.07852061
2025-04-18 02:00:00,-0.02219566
2025-04-18 03:00:00,-0.12903312
2025-04-18 04:00:00,-0.22848356
2025-04-18 05:00:00,-0.32599306
2025-04-18 06:00:00,-0.36761284
2025-04-18 07:00:00,-0.2527242
2025-04-18 08:00:00,-0.06681002
2025-04-18 09:00:00,0.11711286
2025-04-18 10:00:00,0.30284125
2025-04-18 11:00:00,0.40623704
2025-04-18 12:00:00,0.4272443
2025-04-18 13:00:00,0.3618778
2025-04-18 14:00:00,0.27967998
2025-04-18 15:00:00,0.19255309
2025-04-18 16:00:00,0.09130421
2025-04-18 17:00:00,0.005222442
2025-04-18 18:00:00,-0.06874335
